Seller_id,Seller_account_ref ,Seller_name,Seller_address_line1,Seller_address_line2,Seller_address_line3,Seller_country,Seller_post_code,Seller_email_address
1,1,John Smith,14, Taylor St,St. Stephens Ward,Kent,CT2 7PP,johnsmith@hotmail.com
2,2,David William,5,Binney St,Abbey Ward,Australia,HP11 2AX,david.william@gmail.com
3,3,Peter Andrade,8,Moor Place,East Southbourne and Tuckton W,Japan,BH6 3BE,peterandrade@hotmail.com
4,4, Michael Brown,505,Exeter Rd,Hawerby cum Beesby,Korea,DN36 5RP,michael.brown@hotmail.com
5,5,Oliver  Jones,5396,Forth Street,Greets Green and Lyng Ward,France,B70 9DT,oliver.jones@hotmail.com
